{
  "stations": [
    "station_A",
    "station_B",
    "station_C",
    "station_D_outlier"
  ],
  "weights": {
    "station_A": -4.59615206074467,
    "station_B": -4.555744438431469,
    "station_C": -4.587826433756961,
    "station_D_outlier": -4.579472341805401
  },
  "residual_rms": {
    "station_A": 0.25072037591128604,
    "station_B": 0.2517950754263035,
    "station_C": 0.25043010438762087,
    "station_D_outlier": 0.5496629091188121
  },
  "outliers": [
    "station_D_outlier"
  ]
}